{"image_size": 64, "gen_weights": "dcgan_bowl.generator.hdf5", "disc_weights": "dcgan_bowl.discriminator.hdf5", "num_fields": 35, "field_idx": [2, 4, 7, 10, 11, 13, 14, 16, 17, 19, 20, 25, 26, 28, 29, 31, 32, 37, 38, 40, 41, 43, 44, 49, 50, 52, 53, 55, 56, 61, 62, 64, 65, 67, 68], "field_mean": [0.7857567320483626, 83.74131530875101, 139.03577354665066, 186.92434815240333, 10.748386298153958, 222.2056242151959, 56.43793279424228, 252.79962708043553, 103.0256198448581, 268.8018297578966, 145.43834463856933, 0.7354604779094113, 0.32265825822671895, 0.5790842131524635, 0.5182251141344483, 0.3774659034391217, 0.6802086408283672, -0.36090119498650075, 0.6936797173579798, -0.5595533731999838, 0.5430536251230919, -0.7219823974681121, 0.3415813489903149, -0.7254317398954937, -0.4072280148233278, -0.5605221581488631, -0.6067702683871466, -0.3588410519660579, -0.7676788032848394, 0.40203162480973564, -0.7368068903450052, 0.5908096892885002, -0.5727471781944808, 0.7654749190277832, -0.379038744261436], "field_std": [2.255642114855717e-16, 1.4955849454581484e-14, 2.846800643035305e-14, 1.7870391139683204, 5.420380213169619, 9.064366933357487, 18.641667715019867, 21.70990002258584, 10.81046193225532, 24.42455651042372, 21.530027025221074, 0.09147020249149838, 0.02917553106654652, 0.06186443422141554, 0.09069191651473395, 0.0026555323538679987, 0.12036605576579663, 0.010665392192623161, 0.11219911077785422, 0.07128809558890208, 0.07972468530908533, 0.09605646319683253, 0.020219950698418105, 0.0964945973904866, 0.012070079286441203, 0.07111204182341604, 0.04925159224680075, 0.011967589515967146, 0.07612552376009642, 0.006573652408786982, 0.09150855381120036, 0.055420695120655054, 0.06449025194687044, 0.08009312338651693, 6.048305031405542e-17], "im_max": 0.996078431372549, "crop": [37, 246, 40, 223]}