{"image_size": 64, "gen_weights": "dcgan_vase.generator.hdf5", "disc_weights": "dcgan_vase.discriminator.hdf5", "num_fields": 40, "field_idx": [1, 2, 4, 5, 7, 8, 9, 10, 11, 12, 13, 14, 16, 17, 19, 20, 25, 26, 28, 29, 31, 32, 37, 38, 40, 41, 43, 44, 49, 50, 52, 53, 55, 56, 61, 62, 64, 65, 67, 68], "field_mean": [-3.981631072796743, 0.5221204058143881, 68.58236070649708, 5.608280929177653, 76.33443185043484, 17.393051145883373, 0.6675744953540532, 79.77202191269406, 51.9718008434645, 0.6672540852290932, 88.611033233313, 92.56237042675943, 57.53710459378483, 137.3916980346322, 65.97833560112036, 217.99078703835966, 0.8981700543403158, 0.5679930239223036, 0.6165980757877392, 0.5817963148245983, 0.5570463686449414, 0.90099299237308, -0.6141680035551901, 0.9117605362469925, -0.6272444712490823, 0.5993660591491358, -0.9226307273309837, 0.5865827686152808, -0.9009341457107525, -0.5763034539246339, -0.6068703174759573, -0.6131883871375099, -0.5395936750762087, -0.9168960907263131, 0.568777656899164, -0.935146545196379, 0.6298131625181359, -0.6455360088866707, 0.9026115529750016, -0.6138511577422302], "field_std": [2.4187877808957956, 0.21240231748481866, 17.36729369585195, 4.525030806316365, 17.673181734689127, 13.413177157742226, 0.47099754349210193, 9.894028203045204, 17.62659794576453, 0.471111418289707, 13.126613012632593, 20.231577940211398, 6.175161297548842, 17.01966395646099, 10.192489617669732, 19.88532686093706, 0.027263498863262195, 0.08828069030695204, 0.10082558652391807, 0.10965733091542187, 0.08240476363857148, 0.02678374625627538, 0.10799067267684952, 0.025690832029325126, 0.12587170093911587, 0.1282065492318308, 0.02553626482653482, 0.09622008730405306, 0.026787987403641952, 0.09340357360804888, 0.10303282135479472, 0.11714480651931305, 0.07536694012845264, 0.025474253992417196, 0.08792506727804433, 0.026067997622739782, 0.10592713449457733, 0.11138111756500636, 0.025463384863987488, 0.09035255308577447], "im_max": 0.996078431372549, "crop": [37, 246, 38, 236]}